穿越之小哥儿种田记,15678156,2017,7
我蓄谋已久的爱情,3507589,2014,5
这女Alpha的味道竟然该死的甜美,136664,2019,2
病娇扎堆生,634656,2018,10
长安揽月,1440155,2014,4
我的阳魂(魂有千千劫）,2692754,2011,12
陌上清寒,476398,2005,1
两个人的旅途（网游）,216721,2012,1
难言青梅,141993,2010,3
欢喜公子,46777,2013,7
同桌为何总想套路我,227024,2019,1
姐只是倒霉，不是绿,773894,2016,10
攻势,70644,2015,9
意外之行,459002,2008,8
黎明尽头,51594,2015,8
落尘,47064,2016,1
猎人 论强弱的重要性,116283,2014,12
变形记之“空中菜园”,92923,2016,4
合乎情理之中（美强,25419,2018,4
旁观,25589,2018,11
拥爱,20913,2008,7
止渴,23316,2011,2
人生如戏全靠演技,40722,2012,5
无关强弱,74662,2014,3
迷失的白猫,42742,2014,3
以我之名为你发声,22173,2016,4
光,74993,2018,10
郝大民的24小时游侠生活,121494,2007,1
如果这便是爱,17518,2010,6
好和谐，好和谐的小剧场啊,16681,2011,7
追男须强扑,24548,2015,6
起风了,23258,2019,1
拙玉,32599,2019,2
雪沫乳花浮午盏,50604,2019,3
